symbol,open,high,low,close,volume,prev_close,date
786,12.0,12.14,11.51,11.96,8500,11.95,2021-01-21
AABS,348.01,348.01,348.0,348.0,600,349.0,2021-01-21
ABL,87.95,87.95,86.5,86.88,109500,86.79,2021-01-21
ABOT,715.95,725.0,715.95,724.61,11350,717.38,2021-01-21
ACPL,153.5,154.97,153.0,153.79,20200,153.76,2021-01-21
ADAMS,24.9,25.7,24.9,25.7,10500,24.0,2021-01-21
ADMM,129.71,132.88,128.63,129.8,46000,129.71,2021-01-21
ADOS,25.11,25.11,25.0,25.04,1500,26.49,2021-01-21
AEL,10.51,11.44,10.51,11.41,6000,11.24,2021-01-21
AGHA,36.21,36.75,36.0,36.56,1795000,36.17,2021-01-21
AGIC,25.5,25.5,25.5,25.5,2000,25.5,2021-01-21
AGIL,232.0,240.0,232.0,237.0,3200,242.0,2021-01-21
AGL,5.0,5.14,5.0,5.05,493000,5.03,2021-01-21
AGP,114.13,115.5,113.58,114.99,113000,114.13,2021-01-21
AGSML,6.23,6.5,6.23,6.31,17000,6.23,2021-01-21
AGTL,374.5,374.5,369.1,371.0,5500,373.0,2021-01-21
AHCL,41.0,41.15,40.4,40.49,28500,41.5,2021-01-21
AHL,70.5,71.95,70.0,70.02,23000,70.84,2021-01-21
AHTM,45.54,45.54,45.54,45.54,500,48.94,2021-01-21
AICL,44.0,46.24,43.75,45.03,2150500,43.59,2021-01-21
AICL-JAN,45.0,46.0,45.0,45.44,9,43.82,2021-01-21
AKBL,23.49,23.5,23.21,23.32,133500,23.34,2021-01-21
AKBL-JAN,23.38,0.0,0.0,23.38,0,23.59,2021-01-21
AKDCL,409.98,430.0,384.47,400.87,19400,415.64,2021-01-21
ALNRS,55.5,55.5,55.5,55.5,1000,60.0,2021-01-21
ALTN,27.71,27.71,27.71,27.71,1000,29.95,2021-01-21
AMBL,21.48,21.48,21.48,21.48,500,20.23,2021-01-21
ANL,27.99,28.45,27.45,28.21,12196000,27.81,2021-01-21
ANTM,12.9,13.2,12.86,13.2,2500,13.9,2021-01-21
APL,375.0,390.0,372.0,384.52,252600,376.68,2021-01-21
ARM,9.51,9.51,9.51,9.51,500,10.05,2021-01-21
ARPL,587.0,590.0,579.84,589.85,6850,579.84,2021-01-21
ARUJ,14.81,15.25,14.81,15.25,1000,15.94,2021-01-21
ASC,16.98,17.37,16.1,16.39,16117000,16.88,2021-01-21
ASCR1,6.83,7.08,6.5,6.56,5480500,6.75,2021-01-21
ASHT,10.2,10.2,10.2,10.2,1000,10.2,2021-01-21
ASL,23.62,24.6,23.62,24.09,11070000,23.76,2021-01-21
ASLPS,27.8,27.8,27.8,27.8,1000,30.0,2021-01-21
ASTL,47.3,48.9,47.0,47.78,4623500,47.33,2021-01-21
ASTL-CFEB,48.3,0.0,0.0,48.3,0,47.89,2021-01-21
ASTL-CJAN,47.88,0.0,0.0,47.88,0,47.48,2021-01-21
ASTL-CMAR,48.72,0.0,0.0,48.72,0,48.31,2021-01-21
ASTL-JAN,47.3,48.74,47.27,47.77,1561,47.21,2021-01-21
ASTM,8.85,9.0,8.85,9.0,4500,8.8,2021-01-21
ATBA,260.87,265.0,260.01,262.33,11900,258.55,2021-01-21
ATIL,61.94,62.0,61.25,61.45,45000,61.99,2021-01-21
ATLH,497.0,500.0,497.0,500.0,2200,492.0,2021-01-21
ATRL,180.4,180.99,177.9,178.77,1009000,179.28,2021-01-21
ATRL-JAN,180.5,181.2,178.5,179.11,1007,179.87,2021-01-21
AVN,94.24,96.4,93.98,95.56,6456500,93.43,2021-01-21
AVN-JAN,94.1,96.5,94.1,95.87,8841,93.3,2021-01-21
BAFL,36.56,36.89,36.45,36.48,1852905,36.74,2021-01-21
BAFL-CFEB,36.88,0.0,0.0,36.88,0,37.18,2021-01-21
BAFL-CJAN,36.56,0.0,0.0,36.56,0,36.86,2021-01-21
BAFL-CMAR,37.2,0.0,0.0,37.2,0,37.5,2021-01-21
BAFL-JAN,36.6,36.7,36.45,36.45,51,36.48,2021-01-21
BAFLTFC6,100.38,0.0,0.0,100.38,0,100.38,2021-01-21
BAHL,78.32,79.7,78.32,79.52,860041,78.15,2021-01-21
BAHL-JAN,78.89,80.0,74.6,79.76,1766,78.48,2021-01-21
BAPL,20.9,20.96,20.05,20.96,14000,19.5,2021-01-21
BATA,1519.99,1519.99,1500.0,1500.33,140,1505.73,2021-01-21
BCL,106.0,119.3,106.0,116.0,259200,111.0,2021-01-21
BERG,110.94,111.0,108.0,108.44,56500,108.51,2021-01-21
BGL,7.6,7.85,7.51,7.6,197000,7.57,2021-01-21
BIFO,157.5,158.5,153.0,157.0,14000,157.16,2021-01-21
BILF,1.84,1.9,1.75,1.88,87500,1.8,2021-01-21
BIPL,13.97,14.02,13.7,13.92,1407000,13.81,2021-01-21
BIPLS,15.89,15.89,15.89,15.89,500,15.59,2021-01-21
BNL,56.0,56.5,54.5,55.08,165000,55.55,2021-01-21
BNWM,50.88,52.1,50.88,51.66,11500,51.76,2021-01-21
BOK,15.01,15.01,15.0,15.0,18500,15.01,2021-01-21
BOP,9.5,9.57,9.45,9.48,2132000,9.46,2021-01-21
BOP-CFEB,9.58,0.0,0.0,9.58,0,9.57,2021-01-21
BOP-CJAN,9.5,0.0,0.0,9.5,0,9.49,2021-01-21
BOP-CMAR,9.67,0.0,0.0,9.67,0,9.66,2021-01-21
BOP-JAN,9.57,9.59,9.47,9.51,954,9.52,2021-01-21
BPL,31.15,31.2,30.0,30.25,46000,30.5,2021-01-21
BRR,13.03,14.42,13.0,14.06,407500,13.42,2021-01-21
BRRR,3.45,3.79,2.75,3.79,1211500,2.79,2021-01-21
BUXL,61.7,61.7,60.83,61.52,6500,60.83,2021-01-21
BWCL,163.23,163.23,158.0,158.21,17700,159.56,2021-01-21
BYCO,9.66,9.89,9.61,9.65,4216000,9.69,2021-01-21
CENI,23.0,23.4,23.0,23.0,5500,22.75,2021-01-21
CEPB,124.55,125.8,124.06,125.27,79200,123.96,2021-01-21
CEPB-JAN,124.55,125.5,124.05,124.97,27,124.01,2021-01-21
CHAS,104.0,105.0,104.0,105.0,9500,103.5,2021-01-21
CHCC,141.98,145.7,141.02,143.17,760500,141.02,2021-01-21
CHCC-CFEB,144.74,0.0,0.0,144.74,0,142.7,2021-01-21
CHCC-CJAN,143.48,0.0,0.0,143.48,0,141.46,2021-01-21
CHCC-CMAR,146.0,0.0,0.0,146.0,0,143.94,2021-01-21
CHCC-JAN,142.94,145.9,142.94,143.44,217,142.0,2021-01-21
CLOV,79.99,80.99,79.1,79.31,128500,79.66,2021-01-21
CPPL,214.5,219.89,214.5,217.5,19300,214.01,2021-01-21
CRTM,37.0,37.0,36.2,36.57,288000,36.46,2021-01-21
CSAP,84.25,84.74,82.1,82.86,111500,83.19,2021-01-21
CSIL,2.79,2.79,2.7,2.74,136000,2.74,2021-01-21
CTM,5.77,6.63,5.5,6.46,9389500,5.63,2021-01-21
CWSM,2.19,2.31,2.0,2.13,325000,2.2,2021-01-21
CYAN,47.1,50.48,45.55,50.48,370000,46.96,2021-01-21
DAAG,15.8,18.2,15.8,18.2,13500,17.08,2021-01-21
DADX,40.0,42.7,40.0,42.7,5000,42.15,2021-01-21
DAWH,132.0,133.49,130.51,132.58,49834,132.13,2021-01-21
DCL,11.55,11.68,11.11,11.18,4345000,11.43,2021-01-21
DCR,10.4,10.64,10.39,10.4,1409000,10.39,2021-01-21
DCR-JAN,10.43,0.0,0.0,10.43,0,10.43,2021-01-21
DEL,7.25,7.85,7.25,7.25,29000,7.5,2021-01-21
DFML,7.07,7.13,6.95,7.0,182000,7.07,2021-01-21
DFSM,2.6,2.74,2.57,2.62,182000,2.6,2021-01-21
DGKC,110.85,112.98,110.5,111.0,2564037,110.13,2021-01-21
DGKC-CFEB,112.22,0.0,0.0,112.22,0,111.44,2021-01-21
DGKC-CJAN,111.24,0.0,0.0,111.24,0,110.48,2021-01-21
DGKC-CMAR,113.19,0.0,0.0,113.19,0,112.41,2021-01-21
DGKC-JAN,111.43,113.1,110.82,111.3,1086,110.39,2021-01-21
DINT,51.85,51.85,48.25,51.6,5500,51.0,2021-01-21
DLL,230.0,233.0,230.0,233.0,1400,238.75,2021-01-21
DNCC,10.65,10.71,10.65,10.68,1000,10.16,2021-01-21
DOL,35.67,36.25,35.3,35.36,355000,35.67,2021-01-21
DOL-JAN,35.77,36.2,35.31,35.49,75,35.77,2021-01-21
DSIL,3.35,3.5,3.31,3.4,700500,3.35,2021-01-21
DSL,4.4,4.45,4.23,4.26,2522000,4.41,2021-01-21
DWSM,3.02,3.03,3.0,3.03,16000,3.03,2021-01-21
DYNO,239.98,239.98,230.0,232.79,10000,229.91,2021-01-21
ECOP,33.37,34.39,32.01,32.71,256000,33.64,2021-01-21
EFERT,65.03,65.6,65.0,65.52,707951,65.04,2021-01-21
EFERT-CFEB,66.24,0.0,0.0,66.24,0,65.82,2021-01-21
EFERT-CJAN,65.66,0.0,0.0,65.66,0,65.24,2021-01-21
EFERT-CMAR,66.81,0.0,0.0,66.81,0,66.39,2021-01-21
EFERT-JAN,65.52,65.52,65.52,65.52,2,65.14,2021-01-21
EFGH,23.5,23.51,23.5,23.5,6000,23.43,2021-01-21
EFUG,121.47,123.0,121.0,122.0,25500,121.47,2021-01-21
EFUL,201.99,204.97,200.0,203.5,3200,198.0,2021-01-21
EMCO,39.9,39.9,38.5,39.0,17500,39.97,2021-01-21
ENGRO,309.25,311.5,306.9,310.75,217956,307.04,2021-01-21
ENGRO-CFEB,314.16,0.0,0.0,314.16,0,310.7,2021-01-21
ENGRO-CJAN,311.43,0.0,0.0,311.43,0,308.0,2021-01-21
ENGRO-JAN,308.01,312.48,308.01,311.59,45,309.78,2021-01-21
EPCL,47.75,48.9,47.51,47.91,1659500,47.75,2021-01-21
EPCL-CFEB,48.44,0.0,0.0,48.44,0,48.32,2021-01-21
EPCL-CJAN,48.02,0.0,0.0,48.02,0,47.9,2021-01-21
EPCL-CMAR,48.86,0.0,0.0,48.86,0,48.74,2021-01-21
EPCL-JAN,48.49,48.85,47.82,48.17,277,47.99,2021-01-21
EPCLPS,11.24,11.24,11.2,11.2,2500,11.24,2021-01-21
EPCLSC,102.15,0.0,0.0,102.15,0,102.15,2021-01-21
EPQL,22.05,22.35,22.05,22.15,58000,22.06,2021-01-21
ESBL,10.32,10.49,10.32,10.48,8500,10.3,2021-01-21
EXIDE,355.34,370.0,355.34,370.0,1600,370.0,2021-01-21
FABL,21.2,21.39,20.9,20.9,3910000,21.13,2021-01-21
FANM,3.26,3.75,3.26,3.59,1500,3.25,2021-01-21
FASM,380.0,380.0,380.0,380.0,600,368.01,2021-01-21
FATIMA,28.51,29.0,28.51,28.77,60500,28.75,2021-01-21
FCCL,21.21,21.7,21.21,21.41,2380000,21.26,2021-01-21
FCCL-CFEB,21.65,0.0,0.0,21.65,0,21.51,2021-01-21
FCCL-CJAN,21.46,0.0,0.0,21.46,0,21.33,2021-01-21
FCCL-CMAR,21.83,0.0,0.0,21.83,0,21.7,2021-01-21
FCCL-JAN,21.4,21.7,21.35,21.4,857,21.23,2021-01-21
FCEPL,80.0,87.32,80.0,87.31,3899000,81.23,2021-01-21
FCIBL,8.5,9.0,8.5,8.9,17500,8.77,2021-01-21
FCSC,1.49,1.5,1.4,1.4,722000,1.46,2021-01-21
FDIBL,2.4,2.49,2.3,2.33,210000,2.39,2021-01-21
FECM,2.83,3.39,2.83,3.1,32500,3.1,2021-01-21
FECTC,34.22,34.93,34.03,34.16,20500,34.28,2021-01-21
FEM,3.48,3.48,3.15,3.34,25000,3.15,2021-01-21
FEROZ,329.99,332.5,326.0,327.21,122500,329.94,2021-01-21
FEROZ-JAN,330.51,332.5,327.25,328.05,59,331.15,2021-01-21
FFBL,27.35,27.6,27.1,27.2,4094500,27.35,2021-01-21
FFBL-CFEB,27.5,0.0,0.0,27.5,0,27.68,2021-01-21
FFBL-CMAR,27.74,0.0,0.0,27.74,0,27.92,2021-01-21
FFBL-JAN,27.7,27.7,27.15,27.28,5382,27.41,2021-01-21
FFC,110.5,111.75,110.5,111.38,164607,111.39,2021-01-21
FFC-CFEB,112.6,0.0,0.0,112.6,0,112.72,2021-01-21
FFC-CJAN,111.62,0.0,0.0,111.62,0,111.74,2021-01-21
FFC-CMAR,113.58,0.0,0.0,113.58,0,113.7,2021-01-21
FFC-JAN,111.66,0.0,0.0,111.66,0,111.77,2021-01-21
FFL,18.66,19.3,18.6,19.1,23037500,18.56,2021-01-21
FFLM,3.9,3.9,3.9,3.9,4000,3.7,2021-01-21
FHAM,9.75,10.0,9.75,10.0,62000,10.12,2021-01-21
FIMM,95.67,95.67,95.67,95.67,100,89.0,2021-01-21
FLYNG,11.1,11.44,11.1,11.15,417500,11.18,2021-01-21
FML,120.1,123.0,118.2,118.35,30500,120.03,2021-01-21
FNEL,20.2,21.4,20.2,20.3,2746000,20.19,2021-01-21
FPJM,2.72,2.74,2.5,2.67,8500,2.57,2021-01-21
FRCL,25.3,26.24,25.1,25.8,15500,24.84,2021-01-21
FRSM,42.5,42.5,42.0,42.0,5000,42.97,2021-01-21
FTMM,16.17,17.99,16.16,17.56,7500,17.47,2021-01-21
FUDLM,12.5,12.5,12.3,12.5,5500,12.45,2021-01-21
FZCM,194.0,198.76,193.0,198.76,10400,184.9,2021-01-21
GAIL,6.15,6.27,6.0,6.19,183000,6.15,2021-01-21
GAMON,12.7,13.45,12.5,13.0,16000,13.0,2021-01-21
GATI,600.0,600.0,600.0,600.0,100,619.99,2021-01-21
GATM,44.44,45.75,44.4,44.56,2783500,44.63,2021-01-21
GATM-CFEB,45.05,0.0,0.0,45.05,0,45.16,2021-01-21
GATM-CJAN,44.66,0.0,0.0,44.66,0,44.77,2021-01-21
GATM-CMAR,45.44,0.0,0.0,45.44,0,45.55,2021-01-21
GATM-JAN,44.56,45.7,44.5,44.65,1291,44.8,2021-01-21
GFIL,5.89,6.05,5.75,6.04,79500,5.66,2021-01-21
GGGL,14.9,16.07,14.81,16.07,734000,14.95,2021-01-21
GGL,16.7,17.5,16.54,17.06,2943500,16.71,2021-01-21
GHGL,61.0,62.0,60.4,61.67,314000,60.73,2021-01-21
GHNI,310.5,312.0,307.12,307.62,229300,308.57,2021-01-21
GHNI-JAN,310.05,312.5,308.0,308.72,344,309.96,2021-01-21
GHNL,112.0,114.0,110.65,111.14,482000,111.65,2021-01-21
GHNL-JAN,112.5,114.0,111.1,111.5,350,111.91,2021-01-21
GLAXO,186.0,187.49,185.3,185.69,8000,186.55,2021-01-21
GLPL,360.0,363.05,356.0,356.0,1100,357.11,2021-01-21
GLPLR,329.99,332.0,325.0,326.1,3600,332.01,2021-01-21
GRYL,5.69,5.69,5.11,5.11,21500,5.35,2021-01-21
GSKCH,269.99,270.0,266.1,268.07,6700,269.99,2021-01-21
GTYR,81.2,82.0,80.25,80.77,227000,81.34,2021-01-21
GTYR-JAN,81.97,82.36,80.77,81.18,99,81.56,2021-01-21
GVGL,52.0,52.0,51.0,51.11,75000,51.55,2021-01-21
GWLC,38.01,39.48,38.0,38.65,202000,37.98,2021-01-21
HABSM,31.85,31.95,31.5,31.5,26500,31.75,2021-01-21
HAEL,10.5,10.6,10.24,10.6,89000,9.6,2021-01-21
HASCOL,14.5,14.62,14.26,14.32,7495010,14.43,2021-01-21
HASCOL-CFEB,14.48,0.0,0.0,14.48,0,14.6,2021-01-21
HASCOL-CJAN,14.35,0.0,0.0,14.35,0,14.48,2021-01-21
HASCOL-CMAR,14.6,0.0,0.0,14.6,0,14.73,2021-01-21
HASCOL-JAN,14.55,14.64,14.31,14.36,5141,14.49,2021-01-21
HBL,141.54,143.5,140.5,142.81,1571769,141.54,2021-01-21
HBL-CFEB,144.38,0.0,0.0,144.38,0,143.23,2021-01-21
HBL-CJAN,143.12,0.0,0.0,143.12,0,141.98,2021-01-21
HBL-CMAR,145.63,0.0,0.0,145.63,0,144.47,2021-01-21
HBL-JAN,141.51,143.5,141.5,142.98,1179,141.76,2021-01-21
HCAR,309.0,309.98,305.0,305.45,39300,308.6,2021-01-21
HGFA,9.0,9.0,8.95,8.95,15500,9.0,2021-01-21
HIFA,3.25,3.49,3.22,3.49,18000,3.39,2021-01-21
HINO,397.0,399.99,396.0,396.0,400,395.0,2021-01-21
HINOON,630.0,630.0,626.0,627.83,96350,626.28,2021-01-21
HIRAT,4.75,4.75,4.58,4.62,510000,4.56,2021-01-21
HMB,40.85,40.85,40.07,40.1,684500,40.04,2021-01-21
HMM,7.5,7.5,7.5,7.5,500,8.15,2021-01-21
HRPL,33.1,33.2,33.1,33.2,4500,33.8,2021-01-21
HSM,17.8,18.69,17.8,18.0,34000,18.0,2021-01-21
HTL,49.99,53.02,49.15,52.73,4834500,49.33,2021-01-21
HUBC,86.45,87.0,85.6,86.04,2267997,85.96,2021-01-21
HUBC-CFEB,86.98,0.0,0.0,86.98,0,86.99,2021-01-21
HUBC-CJAN,86.23,0.0,0.0,86.23,0,86.23,2021-01-21
HUBC-CMAR,87.74,0.0,0.0,87.74,0,87.74,2021-01-21
HUBC-JAN,87.0,87.0,85.8,86.19,990,86.15,2021-01-21
HUMNL,7.7,7.77,7.02,7.22,43378000,7.54,2021-01-21
IBFL,101.2,101.2,100.0,100.0,3000,100.01,2021-01-21
IBLHL,110.1,115.0,110.1,113.0,38000,111.5,2021-01-21
ICI,802.17,862.0,802.17,842.05,197250,802.17,2021-01-21
ICIBL,2.53,2.84,2.51,2.71,1901000,2.58,2021-01-21
ICL,37.05,37.41,36.5,36.57,768000,37.07,2021-01-21
IDRT,17.0,17.2,17.0,17.0,4500,17.0,2021-01-21
IGIHL,199.75,202.0,197.5,200.0,26400,198.79,2021-01-21
IGIL,47.01,48.0,47.0,47.0,1500,48.18,2021-01-21
ILP,70.95,75.45,70.5,73.3,5222000,70.49,2021-01-21
IML,31.0,31.6,30.25,30.25,38500,31.0,2021-01-21
INDU,1190.0,1203.81,1170.01,1188.62,30360,1196.75,2021-01-21
INIL,211.97,212.8,208.2,210.0,493000,210.17,2021-01-21
INIL-CFEB,212.31,0.0,0.0,212.31,0,212.68,2021-01-21
INIL-CJAN,210.46,0.0,0.0,210.46,0,210.83,2021-01-21
INIL-CMAR,214.15,0.0,0.0,214.15,0,214.53,2021-01-21
INIL-JAN,212.0,213.0,208.8,210.26,321,210.76,2021-01-21
INKL,16.76,16.76,16.76,16.76,1000,18.0,2021-01-21
ISL,91.55,92.7,90.6,90.98,1350434,91.61,2021-01-21
ISL-CFEB,91.98,0.0,0.0,91.98,0,92.7,2021-01-21
ISL-CJAN,91.18,0.0,0.0,91.18,0,91.9,2021-01-21
ISL-CMAR,92.78,0.0,0.0,92.78,0,93.51,2021-01-21
ISL-JAN,92.5,92.8,90.7,91.22,890,92.0,2021-01-21
ITTEFAQ,18.6,18.99,18.49,18.6,311500,18.59,2021-01-21
JATM,7.7,7.8,7.5,7.8,28500,7.5,2021-01-21
JDMT,87.11,87.12,79.25,87.12,26000,81.05,2021-01-21
JDWS,223.0,231.1,223.0,224.67,7000,229.0,2021-01-21
JGICL,53.3,54.35,53.3,53.3,2000,53.75,2021-01-21
JKSM,48.55,48.55,48.55,48.55,1000,48.62,2021-01-21
JLICL,389.9,390.0,380.0,380.0,5100,389.89,2021-01-21
JSBL,7.05,7.15,6.97,7.0,2853500,6.96,2021-01-21
JSCL,30.81,32.4,30.81,31.88,20470500,30.71,2021-01-21
JSGCL,80.0,80.0,78.79,80.0,1000,78.79,2021-01-21
JSIL,22.97,23.0,22.97,23.0,1500,22.51,2021-01-21
JSML,25.25,25.7,25.0,25.09,12000,25.3,2021-01-21
JUBS,5.48,5.9,5.48,5.52,51000,5.28,2021-01-21
JVDC,23.19,24.84,23.19,24.84,41000,23.2,2021-01-21
KAPCO,41.15,42.09,41.15,41.37,8843000,41.01,2021-01-21
KAPCO-CFEB,41.82,0.0,0.0,41.82,0,41.5,2021-01-21
KAPCO-CJAN,41.46,0.0,0.0,41.46,0,41.14,2021-01-21
KAPCO-CMAR,42.19,0.0,0.0,42.19,0,41.86,2021-01-21
KAPCO-JAN,40.81,42.11,40.81,41.49,2463,41.02,2021-01-21
KEL,4.12,4.42,4.12,4.25,143822500,4.1,2021-01-21
KEL-CFEB,4.3,0.0,0.0,4.3,0,4.15,2021-01-21
KEL-CJAN,4.26,0.0,0.0,4.26,0,4.11,2021-01-21
KEL-CMAR,4.33,0.0,0.0,4.33,0,4.18,2021-01-21
KEL-JAN,4.16,4.42,4.15,4.25,17707,4.13,2021-01-21
KELSC5,101.5,101.5,101.5,101.58,7000,101.65,2021-01-21
KHSM,22.86,22.86,21.27,22.86,54000,21.27,2021-01-21
KHTC,540.75,564.0,500.0,542.81,7000,525.02,2021-01-21
KML,38.0,38.78,37.65,38.3,8000,38.15,2021-01-21
KOHC,207.98,211.75,207.0,210.3,241000,207.99,2021-01-21
KOHE,34.25,34.25,34.0,34.0,16500,34.0,2021-01-21
KOHP,4.05,4.18,4.0,4.1,75500,4.08,2021-01-21
KOHTM,17.0,17.2,17.0,17.2,3500,16.0,2021-01-21
KOIL,8.85,8.9,8.85,8.9,4000,8.99,2021-01-21
KOSM,4.75,5.05,4.65,4.86,3569000,4.7,2021-01-21
KPUS,65.48,65.48,65.48,65.48,2000,60.92,2021-01-21
KSBP,435.0,458.0,435.0,449.67,17400,440.0,2021-01-21
KTML,69.0,74.16,69.0,73.75,2117500,68.99,2021-01-21
LOADS,16.82,18.19,16.82,18.19,2622000,16.93,2021-01-21
LOTCHEM,16.55,16.76,16.21,16.3,6619500,16.49,2021-01-21
LOTCHEM-CFEB,16.48,0.0,0.0,16.48,0,16.69,2021-01-21
LOTCHEM-CJAN,16.34,0.0,0.0,16.34,0,16.54,2021-01-21
LOTCHEM-CMAR,16.62,0.0,0.0,16.62,0,16.83,2021-01-21
LOTCHEM-JAN,16.6,16.83,16.26,16.38,4395,16.54,2021-01-21
LPL,18.1,18.5,18.04,18.38,409000,18.03,2021-01-21
LUCK,686.5,707.0,686.5,699.47,683092,685.08,2021-01-21
LUCK-CFEB,707.15,0.0,0.0,707.15,0,693.25,2021-01-21
LUCK-CJAN,701.01,0.0,0.0,701.01,0,687.23,2021-01-21
LUCK-CMAR,713.29,0.0,0.0,713.29,0,699.28,2021-01-21
LUCK-JAN,690.11,707.0,689.5,701.31,282,687.09,2021-01-21
MACFL,24.6,25.2,23.7,23.98,853500,24.51,2021-01-21
MACTER,163.12,183.0,163.1,183.0,13800,170.31,2021-01-21
MARI,1477.0,1490.0,1436.0,1450.6,33780,1467.88,2021-01-21
MCB,194.9,195.99,193.51,194.7,163975,193.41,2021-01-21
MCB-JAN,195.0,195.01,194.5,194.5,14,194.0,2021-01-21
MCBAH,29.0,29.0,29.0,29.0,10500,29.05,2021-01-21
MDTL,2.11,2.2,2.08,2.18,1084500,2.09,2021-01-21
MEBL,111.5,114.0,111.5,113.33,607659,111.7,2021-01-21
MEBL-CFEB,114.57,0.0,0.0,114.57,0,113.03,2021-01-21
MEBL-CJAN,113.58,0.0,0.0,113.58,0,112.05,2021-01-21
MEBL-CMAR,115.57,0.0,0.0,115.57,0,114.01,2021-01-21
MEBL-JAN,112.0,114.06,111.0,113.94,72,112.2,2021-01-21
MEHT,523.0,523.0,488.0,499.0,300,488.0,2021-01-21
MERIT,15.6,16.0,15.55,15.71,156000,15.5,2021-01-21
MFFL,435.0,452.0,432.01,448.39,16200,438.69,2021-01-21
MFL,26.99,27.38,26.0,26.13,621500,26.99,2021-01-21
MIRKS,103.95,103.95,103.95,103.95,500,99.96,2021-01-21
MLCF,43.2,43.89,43.01,43.3,7944263,42.93,2021-01-21
MLCF-CFEB,43.78,0.0,0.0,43.78,0,43.44,2021-01-21
MLCF-CJAN,43.4,0.0,0.0,43.4,0,43.06,2021-01-21
MLCF-CMAR,44.16,0.0,0.0,44.16,0,43.82,2021-01-21
MLCF-JAN,42.95,43.97,42.95,43.42,6498,42.97,2021-01-21
MODAM,5.6,5.6,4.35,4.8,72500,5.23,2021-01-21
MRNS,56.49,56.49,56.0,56.0,2000,56.0,2021-01-21
MSCL,17.85,17.98,17.79,17.85,3500,17.2,2021-01-21
MSOT,74.0,74.65,74.0,74.64,14500,69.45,2021-01-21
MTIL,12.15,12.7,12.15,12.29,112500,11.92,2021-01-21
MTL,1108.0,1115.0,1100.0,1110.39,47880,1114.14,2021-01-21
MUGHAL,76.85,78.5,76.5,76.69,787500,77.21,2021-01-21
MUGHAL-CFEB,77.53,0.0,0.0,77.53,0,78.13,2021-01-21
MUGHAL-CJAN,76.86,0.0,0.0,76.86,0,77.45,2021-01-21
MUGHAL-CMAR,78.21,0.0,0.0,78.21,0,78.81,2021-01-21
MUGHAL-JAN,76.97,78.5,76.1,77.19,96,77.06,2021-01-21
MUREB,574.0,574.0,567.15,569.47,1200,580.0,2021-01-21
MZNP-ETF,11.01,11.05,11.01,11.05,7500,11.09,2021-01-21
NAGC,62.5,63.75,61.51,62.28,14000,62.51,2021-01-21
NATF,230.79,240.0,229.59,238.24,569600,229.59,2021-01-21
NBP,42.45,42.68,42.2,42.34,401500,42.25,2021-01-21
NBP-CFEB,42.8,0.0,0.0,42.8,0,42.75,2021-01-21
NBP-CJAN,42.43,0.0,0.0,42.43,0,42.38,2021-01-21
NBP-CMAR,43.18,0.0,0.0,43.18,0,43.13,2021-01-21
NBP-JAN,42.51,42.78,42.4,42.44,202,42.41,2021-01-21
NCL,51.45,52.19,50.6,50.88,903500,51.53,2021-01-21
NCL-JAN,50.3,51.45,50.3,50.63,132,51.19,2021-01-21
NCML,3.76,3.99,3.76,3.88,4500,3.85,2021-01-21
NCPL,20.1,20.5,19.93,20.23,401000,19.96,2021-01-21
NETSOL,187.5,189.5,182.5,188.05,6276000,185.33,2021-01-21
NETSOL-JAN,189.01,189.7,183.02,188.4,7024,185.48,2021-01-21
NEXT,9.5,10.0,9.5,10.0,31000,9.7,2021-01-21
NICL,92.0,92.5,91.25,91.52,50500,91.3,2021-01-21
NML,113.65,115.2,113.1,114.11,936500,113.55,2021-01-21
NML-CFEB,115.36,0.0,0.0,115.36,0,114.9,2021-01-21
NML-CJAN,114.36,0.0,0.0,114.36,0,113.91,2021-01-21
NML-CMAR,116.37,0.0,0.0,116.37,0,115.9,2021-01-21
NML-JAN,114.0,115.33,113.55,114.24,737,113.91,2021-01-21
NPL,27.03,28.5,27.02,27.54,543000,27.38,2021-01-21
NRL,364.99,365.0,357.0,362.17,1378600,357.54,2021-01-21
NRL-JAN,363.2,366.0,358.0,363.25,2707,358.78,2021-01-21
NRSL,13.0,13.1,12.65,12.71,4806500,12.93,2021-01-21
OGDC,110.0,111.5,110.0,110.38,1032668,110.1,2021-01-21
OGDC-CFEB,111.59,0.0,0.0,111.59,0,111.41,2021-01-21
OGDC-CJAN,110.62,0.0,0.0,110.62,0,110.45,2021-01-21
OGDC-CMAR,112.56,0.0,0.0,112.56,0,112.38,2021-01-21
OGDC-JAN,110.51,111.68,110.5,110.54,515,110.5,2021-01-21
OLPL,27.49,27.49,26.7,26.75,72500,27.0,2021-01-21
OML,11.61,12.0,11.31,11.51,6500,12.0,2021-01-21
OTSU,280.0,280.0,280.0,280.0,200,276.0,2021-01-21
PACE,4.1,4.22,4.01,4.11,1747500,4.1,2021-01-21
PAEL,39.65,40.23,39.6,39.94,3325500,39.61,2021-01-21
PAEL-CFEB,40.38,0.0,0.0,40.38,0,40.08,2021-01-21
PAEL-CJAN,40.03,0.0,0.0,40.03,0,39.73,2021-01-21
PAEL-CMAR,40.73,0.0,0.0,40.73,0,40.43,2021-01-21
PAEL-JAN,39.8,40.3,39.7,39.91,2864,39.69,2021-01-21
PAKD,102.5,109.24,102.5,109.24,4000,105.0,2021-01-21
PAKMI,2.1,2.19,2.1,2.12,22000,2.05,2021-01-21
PAKOXY,160.1,160.78,159.0,159.01,16000,160.0,2021-01-21
PAKRI,28.4,28.5,28.3,28.5,30000,28.1,2021-01-21
PAKT,1620.0,1699.0,1600.1,1601.75,800,1599.99,2021-01-21
PASL,1.1,1.15,1.1,1.1,115000,1.12,2021-01-21
PCAL,147.01,153.0,145.66,146.03,65500,148.31,2021-01-21
PESC1,106.77,106.77,106.77,106.77,200000,106.77,2021-01-21
PESC2,100.59,0.0,0.0,100.59,0,100.59,2021-01-21
PHDL,133.0,133.0,130.03,131.5,1500,134.01,2021-01-21
PIAA,4.7,4.79,4.68,4.69,493000,4.7,2021-01-21
PIBTL,12.93,13.29,12.81,12.84,31430000,12.68,2021-01-21
PIBTL-JAN,12.91,13.34,12.82,12.87,21252,12.73,2021-01-21
PICT,169.9,169.9,166.4,167.18,260500,167.14,2021-01-21
PIL,1.35,1.45,1.33,1.35,143000,1.46,2021-01-21
PINL,4.94,5.49,4.9,5.0,17500,5.49,2021-01-21
PIOC,104.88,108.95,104.7,106.27,2399500,104.36,2021-01-21
PIOC-CFEB,107.44,0.0,0.0,107.44,0,105.61,2021-01-21
PIOC-CJAN,106.5,0.0,0.0,106.5,0,104.69,2021-01-21
PIOC-CMAR,108.37,0.0,0.0,108.37,0,106.52,2021-01-21
PIOC-JAN,105.0,109.24,105.0,106.43,2345,104.71,2021-01-21
PKGP,30.01,30.8,29.85,30.52,300000,29.75,2021-01-21
PKGS,537.0,550.0,532.32,548.73,24550,532.32,2021-01-21
PMI,2.05,2.21,2.05,2.11,61000,2.2,2021-01-21
PNSC,91.5,91.75,91.0,91.0,5500,90.34,2021-01-21
POL,405.0,414.0,405.0,410.49,81233,408.92,2021-01-21
POML,231.0,231.0,231.0,231.33,200,231.33,2021-01-21
POWER,11.74,11.95,11.4,11.49,11276000,11.67,2021-01-21
POWER-CFEB,11.62,0.0,0.0,11.62,0,11.81,2021-01-21
POWER-CMAR,11.72,0.0,0.0,11.72,0,11.91,2021-01-21
POWER-JAN,11.89,11.95,11.46,11.53,3035,11.67,2021-01-21
POWERPS,12.2,12.2,12.2,12.2,1000,12.26,2021-01-21
PPL,93.5,94.7,93.5,94.23,866552,93.4,2021-01-21
PPL-CFEB,95.26,0.0,0.0,95.26,0,94.51,2021-01-21
PPL-CJAN,94.44,0.0,0.0,94.44,0,93.69,2021-01-21
PPL-CMAR,96.09,0.0,0.0,96.09,0,95.34,2021-01-21
PPL-JAN,94.0,94.8,93.65,94.24,429,93.72,2021-01-21
PPP,89.0,89.0,89.0,89.0,1500,89.0,2021-01-21
PPVC,3.7,3.85,3.7,3.85,2500,3.89,2021-01-21
PREMA,19.2,19.71,19.2,19.31,613500,19.26,2021-01-21
PRL,24.39,24.4,23.9,24.0,6364000,24.25,2021-01-21
PRL-CMAR,24.47,0.0,0.0,24.47,0,24.75,2021-01-21
PRL-JAN,24.48,24.48,23.96,24.05,7367,24.35,2021-01-21
PRWM,46.0,49.0,46.0,46.33,26000,46.0,2021-01-21
PSMC,215.47,217.89,213.0,213.56,136100,215.47,2021-01-21
PSMC-JAN,217.5,218.87,214.0,214.53,35,217.42,2021-01-21
PSO,237.05,239.88,236.02,237.46,592685,237.3,2021-01-21
PSO-CFEB,240.07,0.0,0.0,240.07,0,240.13,2021-01-21
PSO-CJAN,237.98,0.0,0.0,237.98,0,238.05,2021-01-21
PSO-CMAR,242.15,0.0,0.0,242.15,0,242.22,2021-01-21
PSO-JAN,239.22,239.9,236.66,237.6,391,237.8,2021-01-21
PSX,15.5,15.95,15.5,15.67,1180500,15.52,2021-01-21
PTC,9.55,9.59,9.3,9.34,2849000,9.51,2021-01-21
QUET,10.5,10.75,10.25,10.75,4000,10.68,2021-01-21
QUICE,4.74,4.88,4.7,4.72,242500,4.78,2021-01-21
RAVT,10.35,10.7,10.0,10.49,167000,10.68,2021-01-21
RCML,160.0,162.1,160.0,162.1,1800,150.8,2021-01-21
REDCO,6.49,6.7,6.4,6.5,11000,6.31,2021-01-21
REWM,44.6,46.0,43.6,44.55,23000,45.25,2021-01-21
RICL,7.7,7.7,7.7,7.7,500,7.68,2021-01-21
RMPL,9700.0,10479.0,9619.0,10479.0,140,9900.0,2021-01-21
RPL,43.49,43.49,42.5,42.65,73500,42.94,2021-01-21
RUBY,7.51,7.8,7.51,7.6,14000,7.9,2021-01-21
RUPL,31.2,31.6,30.61,30.61,6500,31.4,2021-01-21
SAIF,17.0,17.15,15.61,16.85,7500,16.31,2021-01-21
SALT,300.0,318.9,300.0,318.9,200,300.46,2021-01-21
SASML,12.5,12.51,12.5,12.51,1000,12.5,2021-01-21
SAZEW,182.6,184.4,181.6,181.97,203400,182.55,2021-01-21
SBL,7.81,7.9,7.75,7.8,370000,7.85,2021-01-21
SCBPL,32.5,33.69,32.5,33.15,7500,33.0,2021-01-21
SCL,310.0,310.0,300.0,309.0,700,305.0,2021-01-21
SEARL,257.6,260.39,256.25,257.2,438522,256.54,2021-01-21
SEARL-CFEB,260.02,0.0,0.0,260.02,0,259.6,2021-01-21
SEARL-CJAN,257.76,0.0,0.0,257.76,0,257.35,2021-01-21
SEARL-CMAR,262.28,0.0,0.0,262.28,0,261.86,2021-01-21
SEARL-JAN,258.7,260.5,257.0,257.34,286,257.37,2021-01-21
SEL,16.31,16.31,16.2,16.21,17500,16.45,2021-01-21
SEPL,179.98,179.98,176.68,177.19,12500,179.02,2021-01-21
SERF,14.71,15.15,14.12,14.33,1442000,14.36,2021-01-21
SERT,16.4,16.98,16.4,16.98,51500,15.8,2021-01-21
SHCM,19.6,19.6,19.6,19.6,500,19.6,2021-01-21
SHDT,37.5,38.0,37.26,37.26,8000,37.5,2021-01-21
SHEL,209.0,209.97,204.0,204.31,271600,208.65,2021-01-21
SHELR,95.25,95.88,93.01,93.37,387500,95.42,2021-01-21
SHFA,246.0,249.0,241.0,244.8,65300,251.7,2021-01-21
SHNI,4.86,5.15,4.84,4.84,6500,5.2,2021-01-21
SHSML,94.5,94.5,92.0,92.17,42200,93.17,2021-01-21
SIEM,548.1,580.0,548.05,556.09,3450,550.33,2021-01-21
SILK,1.3,1.32,1.18,1.2,16364500,1.29,2021-01-21
SINDM,8.95,8.95,8.9,8.9,3500,8.97,2021-01-21
SITC,321.02,326.5,318.61,324.18,22500,320.54,2021-01-21
SKRS,10.6,10.8,10.32,10.41,96500,10.64,2021-01-21
SLL,3.5,3.5,3.5,3.5,500,3.49,2021-01-21
SLYT,4.69,4.7,4.5,4.5,26000,4.65,2021-01-21
SMBL,1.8,1.9,1.8,1.89,1278000,1.73,2021-01-21
SMCPL,7.57,8.23,7.55,7.86,942500,7.36,2021-01-21
SML,39.1,39.1,38.0,38.0,7000,39.01,2021-01-21
SMTM,8.5,8.5,7.86,7.93,198500,8.45,2021-01-21
SNAI,70.0,70.0,69.5,70.0,3000,70.0,2021-01-21
SNBL,10.89,10.99,10.75,10.76,92000,10.75,2021-01-21
SNGP,45.2,45.5,44.8,44.83,1349703,44.98,2021-01-21
SNGP-CFEB,45.32,0.0,0.0,45.32,0,45.52,2021-01-21
SNGP-CJAN,44.93,0.0,0.0,44.93,0,45.12,2021-01-21
SNGP-CMAR,45.72,0.0,0.0,45.72,0,45.91,2021-01-21
SNGP-JAN,45.36,45.5,44.86,44.93,273,45.01,2021-01-21
SPEL,43.9,45.0,43.5,44.63,213500,43.45,2021-01-21
SPL,26.76,27.55,26.76,27.44,313000,27.14,2021-01-21
SPLC,1.65,1.8,1.59,1.65,460500,1.54,2021-01-21
SPWL,16.03,16.03,15.7,15.81,440000,15.97,2021-01-21
SRVI,901.0,903.99,885.1,890.33,4650,899.66,2021-01-21
SSGC,15.18,15.18,14.9,14.99,423500,14.94,2021-01-21
SSGC-JAN,15.1,15.1,15.0,15.0,50,14.98,2021-01-21
SSML,10.0,11.0,10.0,11.0,313500,10.0,2021-01-21
STCL,22.81,24.15,22.8,24.0,746500,23.09,2021-01-21
STPL,18.52,19.74,18.5,19.35,6008500,18.53,2021-01-21
SURC,230.0,248.9,230.0,242.0,1400,245.0,2021-01-21
SYS,442.5,460.5,442.0,457.31,204100,446.16,2021-01-21
TATM,69.0,69.0,65.0,66.12,26000,65.52,2021-01-21
TELE,3.03,3.2,3.03,3.06,4675000,3.0,2021-01-21
TGL,88.05,90.6,88.05,88.94,438500,88.24,2021-01-21
TGL-JAN,88.9,90.7,88.49,89.19,111,88.51,2021-01-21
THALL,440.0,440.0,438.0,438.0,3300,437.9,2021-01-21
THCCL,20.99,21.65,19.62,20.07,1164000,21.0,2021-01-21
TICL,280.0,281.0,280.0,280.0,1600,280.0,2021-01-21
TOMCL,28.11,28.52,28.11,28.3,39500,28.34,2021-01-21
TPL,6.9,7.01,6.88,6.88,598500,6.91,2021-01-21
TPLP,8.99,9.12,8.99,9.0,86000,9.0,2021-01-21
TPLT,9.88,9.94,9.71,9.85,121000,9.9,2021-01-21
TREET,32.09,32.8,32.0,32.21,939500,32.05,2021-01-21
TREET-CMAR,32.85,0.0,0.0,32.85,0,32.71,2021-01-21
TREET-JAN,32.25,32.94,32.13,32.25,408,32.11,2021-01-21
TRG,107.5,110.9,106.3,109.5,17361500,107.19,2021-01-21
TRG-CFEB,110.7,0.0,0.0,110.7,0,108.47,2021-01-21
TRG-CJAN,109.74,0.0,0.0,109.74,0,107.53,2021-01-21
TRG-CMAR,111.66,0.0,0.0,111.66,0,109.41,2021-01-21
TRG-JAN,107.5,111.0,106.4,109.77,40724,107.38,2021-01-21
TRIPF,160.0,164.0,160.0,161.61,39100,161.54,2021-01-21
TRPOL,9.54,9.7,9.54,9.62,307000,9.53,2021-01-21
TRSM,3.0,3.0,3.0,3.0,500,3.13,2021-01-21
TSML,198.98,199.0,198.98,198.99,300,193.99,2021-01-21
TSPL,4.8,5.5,4.8,5.42,296000,5.22,2021-01-21
UBDL,35.9,35.9,34.44,35.03,16500,34.51,2021-01-21
UBL,138.95,140.0,138.01,138.79,3972280,138.51,2021-01-21
UBL-CFEB,140.31,0.0,0.0,140.31,0,140.16,2021-01-21
UBL-CJAN,139.09,0.0,0.0,139.09,0,138.94,2021-01-21
UBL-CMAR,141.53,0.0,0.0,141.53,0,141.38,2021-01-21
UBL-JAN,139.0,139.55,138.61,139.0,285,138.6,2021-01-21
UCAPM,1.11,1.11,1.1,1.1,16500,1.15,2021-01-21
UDPL,58.25,60.8,58.0,58.5,14500,58.25,2021-01-21
UNIC,8.07,8.3,8.02,8.15,3500,8.29,2021-01-21
UNITY,34.05,34.25,33.31,33.46,21205214,34.18,2021-01-21
UNITY-CFEB,33.83,0.0,0.0,33.83,0,34.59,2021-01-21
UNITY-CJAN,33.53,0.0,0.0,33.53,0,34.29,2021-01-21
UNITY-CMAR,34.12,0.0,0.0,34.12,0,34.89,2021-01-21
UNITY-JAN,34.15,34.4,33.45,33.58,19428,34.22,2021-01-21
UVIC,5.44,0.0,0.0,5.44,0,5.3,2021-01-21
WAHN,252.0,265.0,247.0,255.0,2700,250.43,2021-01-21
WAVES,30.1,30.1,29.3,29.54,1788000,30.04,2021-01-21
WTL,1.16,1.17,1.12,1.13,7409500,1.14,2021-01-21
WYETH,1000.0,1000.0,1000.0,1000.0,80,1000.0,2021-01-21
YOUW,4.61,4.95,4.6,4.84,1370500,4.62,2021-01-21
ZIL,111.9,111.9,110.0,110.17,400,109.17,2021-01-21
ZTL,14.7,14.7,14.0,14.35,23500,14.1,2021-01-21
